{"cameraMode":{"drawMode":0,"name":"Shaded","section":"Shading Mode"},"sceneLighting":false,"audioPlay":false,"sceneViewState":{"showFog":false,"showMaterialUpdate":false,"showSkybox":false,"showFlares":false,"showImageEffects":false,"showParticleSystems":false},"in2DMode":false,"pivot":{"x":-0.0000019073486328125,"y":0.0,"z":1.4901161193847657e-8},"rotation":{"x":-0.004107146058231592,"y":-0.9958339333534241,"z":0.058632075786590579,"w":-0.06971475481987},"size":2.6737797260284426,"orthographic":false}