{"cameraMode":{"drawMode":0,"name":"Shaded","section":"Shading Mode"},"sceneLighting":false,"audioPlay":false,"sceneViewState":{"showFog":false,"showMaterialUpdate":false,"showSkybox":false,"showFlares":false,"showImageEffects":false,"showParticleSystems":false},"in2DMode":false,"pivot":{"x":0.0,"y":0.17000001668930055,"z":3.180000066757202},"rotation":{"x":0.05855165049433708,"y":0.08704940974712372,"z":-0.005123523063957691,"w":0.9944686889648438},"size":4.286825656890869,"orthographic":false}