{"cameraMode":{"drawMode":0,"name":"Shaded","section":"Shading Mode"},"sceneLighting":true,"audioPlay":false,"sceneViewState":{"showFog":false,"showMaterialUpdate":false,"showSkybox":false,"showFlares":false,"showImageEffects":false,"showParticleSystems":false},"in2DMode":false,"pivot":{"x":1.673900842666626,"y":0.08729991316795349,"z":2.3951523303985597},"rotation":{"x":0.1441560834646225,"y":0.42963021993637087,"z":-0.06968893110752106,"w":0.8886958360671997},"size":22.0,"orthographic":false}